Data,Otwarcie,Najwyzszy,Najnizszy,Zamkniecie,Wolumen
2020-03-30,66.05,68.1,65.025,68.1,47755
2020-03-31,68.69,68.69,67.24,67.24,86192
2020-04-01,66.01,66.84375,65.025,66.78,96693
2020-04-02,68.3,69.08,68.3,69.08,21534
2020-04-03,68.86,70.11,68.86,70.11,81418
2020-04-06,71.28,71.28,70.27,70.27,71261
2020-04-07,70.27,70.27,66.83,66.83,92430
2020-04-08,67.32,68.65,67.32,68.65,30323
2020-04-09,69.8,69.8,68.53,68.53,71381
2020-04-14,69.84,69.84,68.94,68.94,50783
2020-04-15,69.29,69.29,67.97,67.97,263680
2020-04-16,68,68.92,68,68.92,31900
2020-04-17,70.76,70.76,69.82,69.82,70450
2020-04-20,70.01,70.01,68.49,68.49,96881
2020-04-21,69,69,66.78,66.78,743645
2020-04-22,66.42,66.84375,65.025,65.7,388953
2020-04-23,65.7,67.09,65.025,67.09,266320
2020-04-24,66.66,67.15,66.66,67.15,687118
2020-04-27,68.49,70.64,68.49,70.64,322325
2020-04-28,71.03,71.03,68.59,68.59,54855
2020-04-29,69.29,69.29,68.75,68.75,45844
2020-04-30,68.53,68.53,68.16,68.16,199686
2020-05-01,68.16,68.16,68.16,68.16,0
2020-05-04,66.56,68.38,65.025,68.38,18886
2020-05-05,68.75,69.92,68.75,69.92,39651
2020-05-06,70.64,71.85,70.64,71.85,40181
2020-05-07,72,72,71.87,71.87,23090
2020-05-08,72.62,73.94,72.62,73.94,18050
2020-05-11,73.49,73.49,72.75,72.75,45930
2020-05-12,72.28,72.28,69.9,69.9,83005
2020-05-13,69.53,69.53,69.25,69.25,113835
2020-05-14,68.92,69.08,68.92,69.08,73521
2020-05-15,69,69.1,69,69.1,237856
2020-05-18,68.61,68.61,67.48,67.48,112470
2020-05-19,67.89,67.89,66.7,66.7,164573
2020-05-20,65.76,69.14,65.025,69.14,288443
2020-05-21,68.49,69.37,68.49,69.37,342077
2020-05-22,68.84,70.13,68.84,70.13,329706
2020-05-25,70.88,72.16,70.88,72.16,214721
2020-05-26,72,72,69.21,69.21,96559
2020-05-27,69,69,65.025,66.56,154251
2020-05-28,66.81,68.24,66.81,68.24,109250
2020-05-29,68.41,69.43,68.41,69.43,246980
2020-06-01,70.99,70.99,70.52,70.52,33648
2020-06-02,70.01,70.05,70.01,70.05,600562
2020-06-03,70.4,70.4,69,69,36348
2020-06-04,68,68,67.87,67.87,84342
2020-06-05,68.34,68.34,65.025,66.6,74558
2020-06-08,67.5,67.5,66.91,66.91,39789
2020-06-09,67.2,67.28,67.2,67.28,53678
2020-06-10,67.38,68.43,67.38,68.43,60175
2020-06-11,68.32,68.32,67.81,67.81,68283
2020-06-12,67.5,67.5,67.34,67.34,100983
2020-06-15,66.4,66.91,65.025,66.91,51795
2020-06-16,67.63,68.16,67.63,68.16,70064
2020-06-17,68.57,68.8,68.57,68.8,51350
2020-06-18,68.63,68.63,67.85,67.85,199595
2020-06-19,68.69,68.69,67.36,67.36,310997
2020-06-22,69.18,69.18,68.75,68.75,331815
2020-06-23,68.9,69.23,68.9,69.23,20047
2020-06-24,68.06,69.92,68.06,69.92,48629
2020-06-25,69.27,69.64,69.27,69.64,198075
2020-06-26,69.7,70.4,69.7,70.4,159774
2020-06-29,69.7,70.42,69.7,70.42,385532
2020-06-30,70.01,73.23,70.01,73.23,299508
2020-07-01,73,76.67,73,76.67,342081
2020-07-02,76.43,76.43,76.12,76.12,310612
2020-07-03,75.4,78.7,75.4,78.7,84141
2020-07-06,78.99,78.99,78.11,78.11,3895145
2020-07-07,78.01,78.5,78.01,78.5,222901
2020-07-08,78.03,79.54,78.03,79.54,43331
2020-07-09,79.79,79.79,78.91,78.91,42442
2020-07-10,77.8,77.84,77.8,77.84,40527
2020-07-13,74.99,74.99,73.72,73.72,196423
2020-07-14,73.18,73.18,72.67,72.67,64606
2020-07-15,72.9,72.9,71.56,71.56,120461
2020-07-16,71.79,71.79,70.35,70.35,41998
2020-07-17,70.09,70.09,68.34,68.34,146234
2020-07-20,68.02,69.41,68.02,69.41,164226
2020-07-21,69.55,70.23,69.55,70.23,244659
2020-07-22,70.6,70.6,70.09,70.09,76977
2020-07-23,72.9,73,72.9,73,319786
2020-07-24,72.69,72.69,71.38,71.38,71346
2020-07-27,70.5,70.66,70.5,70.66,56592
2020-07-28,70.27,70.27,69.68,69.68,16723
2020-07-29,70.15,70.72,70.15,70.72,14892
2020-07-30,70.4,70.4,69.66,69.66,34508
2020-07-31,69.25,70.85,69.25,70.85,58995
2020-08-03,70.64,71.97,70.64,71.97,32943
2020-08-04,71.97,71.97,71.46,71.46,1005696
2020-08-05,71.61,71.61,70.35,70.35,195686
2020-08-06,70.01,70.01,69.72,69.72,32383
2020-08-07,69.74,69.86,69.74,69.86,27023
2020-08-10,69.39,69.39,68.16,68.16,59956
2020-08-11,68,68.82,68,68.82,30815
2020-08-12,68.75,68.75,68.57,68.57,44277
2020-08-13,68.49,69.88,68.49,69.88,41873
2020-08-14,69.39,69.39,69.31,69.31,64195
2020-08-17,69.27,69.27,68.96,68.96,35367
2020-08-18,68.59,68.94,68.59,68.94,22282
2020-08-19,69.04,69.84,69.04,69.84,97236
2020-08-20,69.8,69.8,69.02,69.02,30423
2020-08-21,69.18,69.68,69.18,69.68,527401
2020-08-24,70.01,70.01,69.06,69.06,32707
2020-08-25,69.23,69.23,68.38,68.38,62409
2020-08-26,68.47,69.64,68.47,69.64,30969
2020-08-27,69.66,69.66,69.57,69.57,36768
2020-08-28,69.51,69.51,68.26,68.26,18397
2020-08-31,68.78,69.16,68.78,69.16,17816
2020-09-01,68.55,69.68,68.55,69.68,20095
2020-09-02,70.19,70.31,70.19,70.31,15227
2020-09-03,70.64,70.64,67.65,67.65,52891
2020-09-04,67.3,67.3,65.025,65.49,64731
2020-09-07,66.01,67.58,65.025,67.58,34680
2020-09-08,68.02,68.02,67.26,67.26,517624
2020-09-09,67.54,69.43,67.54,69.43,29962
2020-09-10,69,70.37,69,70.37,20741
2020-09-11,70.01,74.17,70.01,74.17,275536
2020-09-14,73.39,73.66,73.39,73.66,24619
2020-09-15,74.6,74.6,74.13,74.13,43925
2020-09-16,73.8,73.8,72.59,72.59,27697
2020-09-17,71.83,72.14,71.83,72.14,14983
2020-09-18,72.3,72.43,72.3,72.43,35951
2020-09-21,72.34,72.71,72.34,72.71,56889
2020-09-22,72.77,74.09,72.77,74.09,24579
2020-09-23,73.6,74.78,73.6,74.78,11203
2020-09-24,74.01,74.05,74.01,74.05,24823
2020-09-25,75.5,76.67,75.5,76.67,31600
2020-09-28,76.59,76.59,76.18,76.18,32467
2020-09-29,76.36,76.36,76.26,76.26,76038
2020-09-30,75.77,77.45,75.77,77.45,24743
2020-10-01,78.01,79.07,78.01,79.07,58439
2020-10-02,78.68,79.2,78.68,79.2,77207
2020-10-05,79.26,79.42,79.26,79.42,49262
2020-10-06,79.2,79.2,78.44,78.44,12840
2020-10-07,78.42,80.06,78.42,80.06,29892
2020-10-08,79.67,80.67,79.67,80.67,24062
2020-10-09,80.32,80.88,80.32,80.88,67385
2020-10-12,82.01,82.19,82.01,82.19,23275
2020-10-13,83.01,83.01,82.76,82.76,62630
2020-10-14,83.01,83.67,83.01,83.67,21577
2020-10-15,83.26,83.26,82.81,82.81,28290
2020-10-16,82.76,82.97,82.76,82.97,32414
2020-10-19,83.09,83.09,81.84,81.84,26237
2020-10-20,81.92,81.92,81.25,81.25,26269
2020-10-21,81.02,81.02,80.26,80.26,34373
2020-10-22,80.2,80.24,80.2,80.24,49980
2020-10-23,79.89,80.75,79.89,80.75,535836
2020-10-26,80.32,80.36,80.32,80.36,139881
2020-10-27,81.1,83.44,81.1,83.44,52785
2020-10-28,83.97,83.97,82.01,82.01,36157
2020-10-29,81.29,81.8,81.29,81.8,25493
2020-10-30,77.39,77.39,76.73,76.73,560785
2020-11-02,75.5,75.5,75.07,75.07,79362
2020-11-03,75.75,76.98,75.75,76.98,45326
2020-11-04,76.47,80.3,76.47,80.3,35511
2020-11-05,81.74,81.74,81.62,81.62,55890
2020-11-06,81.6,81.6,80.06,80.06,38989
2020-11-09,80.36,80.36,74.64,74.64,98105
2020-11-10,76.9,76.9,73.47,73.47,83820
2020-11-11,73.04,74.4,73.04,74.4,42511
2020-11-12,75.83,78.83,75.83,78.83,216734
2020-11-13,78.99,80.06,78.99,80.06,39994
2020-11-16,80,80.67,80,80.67,169097
2020-11-17,79.69,79.69,79.07,79.07,44010
2020-11-18,79.77,80.84,79.77,80.84,115300
2020-11-19,80.84,80.84,80.28,80.28,119518
2020-11-20,80.16,80.16,78.83,78.83,17848
2020-11-23,78.01,78.5,78.01,78.5,22913
2020-11-24,77.68,77.68,76.8,76.8,556956
2020-11-25,76.41,76.9,76.41,76.9,19243
2020-11-26,77.47,78.03,77.47,78.03,13776
2020-11-27,78.4,78.68,78.4,78.68,19781
2020-11-30,78.89,80.96,78.89,80.96,140623
2020-12-01,80.43,80.43,78.91,78.91,44280
2020-12-02,78.52,78.52,77.33,77.33,82928
2020-12-03,77.39,77.39,76.86,76.86,39041
2020-12-04,76.8,78.13,76.8,78.13,44680
2020-12-07,78.09,78.09,77.6,77.6,48736
2020-12-08,77.39,79.11,77.39,79.11,26352
2020-12-09,79.26,79.26,78.4,78.4,37223
2020-12-10,78.76,78.76,78.21,78.21,295322
2020-12-11,78.01,78.01,77.33,77.33,121204
2020-12-14,77.33,77.33,76.82,76.82,41980
2020-12-15,77,77,75.13,75.13,49125
2020-12-16,74.5,75.91,74.5,75.91,66867
2020-12-17,76.94,76.94,76.3,76.3,16984
2020-12-18,76.63,78.29,76.63,78.29,312523
2020-12-21,77.51,79.28,77.51,79.28,117841
2020-12-22,79.3,80.28,79.3,80.28,154364
2020-12-23,80.38,80.38,80.14,80.14,20944
2020-12-24,80.24,80.36,80.24,80.36,2450
2020-12-29,79.07,79.97,79.07,79.97,15048
2020-12-30,80.02,80.02,79.42,79.42,74857
2020-12-31,79.3,79.3,79.07,79.07,3007
2021-01-04,79.61,81.92,79.61,81.92,83707
2021-01-05,81.39,81.39,80.28,80.28,48154
2021-01-06,80.1,80.1,80.02,80.02,210937
2021-01-07,79.09,79.09,78.97,78.97,49302
2021-01-08,79.2,79.61,79.2,79.61,15626
2021-01-11,80,80,79.42,79.42,15443
2021-01-12,79.79,79.79,79.2,79.2,245916
2021-01-13,79.17,83.93,79.17,83.93,47319
2021-01-14,83.17,84.88,83.17,84.88,49890
2021-01-15,84.47,84.47,83.46,83.46,47560
2021-01-18,82.6,82.68,82.6,82.68,25560
2021-01-19,82.5,84.02,82.5,84.02,31960
2021-01-20,84.38,84.38,83.97,83.97,122493
2021-01-21,85,87.5,85,87.5,44718
2021-01-22,86.7,86.7,85.21,85.21,12004
2021-01-25,85.55,85.55,83.52,83.52,31612
2021-01-26,83.5,83.58,83.5,83.58,340126
2021-01-27,83.36,83.36,82.13,82.13,391563
2021-01-28,82.48,82.48,81.78,81.78,19217
2021-01-29,81.76,82.64,81.76,82.64,37430
2021-02-01,82.4,84.06,82.4,84.06,29154
2021-02-02,84.24,84.24,83.89,83.89,23867
2021-02-03,82.5,83.85,82.5,83.85,35489
2021-02-04,83.48,83.48,82.78,82.78,29363
2021-02-05,83.93,84.24,83.93,84.24,34301
2021-02-08,85,85,83.91,83.91,419018
2021-02-09,83.71,83.71,83.36,83.36,64277
2021-02-10,81,81,77.53,77.53,94872
2021-02-11,77.94,77.94,77.31,77.31,105481
2021-02-12,76.41,76.41,75.77,75.77,134717
2021-02-15,75.26,75.81,75.26,75.81,28566
2021-02-16,75.28,75.28,75.2,75.2,48728
2021-02-17,74.01,74.01,72.98,72.98,48189
2021-02-18,72.41,73.8,72.41,73.8,55606
2021-02-19,73.9,73.9,73.21,73.21,62321
2021-02-22,74.07,74.07,71.13,71.13,774102
2021-02-23,70.99,70.99,69.62,69.62,360299
2021-02-24,69.23,69.23,67.97,67.97,80697
2021-02-25,67.93,68.3,67.93,68.3,42721
2021-02-26,68.1,68.1,67.95,67.95,510296
2021-03-01,67.5,67.63,67.5,67.63,63163
2021-03-02,68,68.41,68,68.41,32093
2021-03-03,70.01,70.01,68.1,68.1,45689
2021-03-04,68.65,68.65,66.83,66.83,52703
2021-03-05,67.3,67.3,65.57,65.57,18841
2021-03-08,66.01,66.19,66.01,66.19,24921
2021-03-09,66.21,66.52,66.21,66.52,36827
2021-03-10,66.99,66.99,65.51,65.51,34159
2021-03-11,65.45,66.35,65.45,66.35,32659
2021-03-12,66.21,66.21,65.57,65.57,48751
2021-03-15,65.6,65.6,65.12,65.12,70593
2021-03-16,64.92,66.01,64.92,66.01,42781
2021-03-17,65.9,65.9,63.87,63.87,78286
2021-03-18,63.89,63.89,63.73,63.73,120397
2021-03-19,63.5,63.5,63.48,63.48,82591
2021-03-22,63.85,63.85,63.56,63.56,33833
2021-03-23,64.2,65.74,64.2,65.74,258275
2021-03-24,65.41,65.41,63.79,63.79,102157
2021-03-25,63.17,63.97,63.17,63.97,84902
2021-03-26,63.5,64.06,63.5,64.06,44037
2021-03-29,63.67,63.79,63.67,63.79,47764
2021-03-30,63.79,64.16,63.79,64.16,37289
2021-03-31,63.79,65.04,63.79,65.04,49778
2021-04-01,64.41,65.27,64.41,65.27,26583
2021-04-06,66.99,66.99,66.97,66.97,31919
2021-04-07,67.09,67.09,66.95,66.95,27048
2021-04-08,66.62,67.46,66.62,67.46,47767
2021-04-09,67.61,68,67.61,68,32234
2021-04-12,67.83,67.83,67.38,67.38,38995
2021-04-13,66.56,67.01,66.56,67.01,26098
2021-04-14,67.26,67.26,65.62,65.62,61883
2021-04-15,65.6,65.9,65.6,65.9,15498
2021-04-16,65.9,65.9,65.18,65.18,97043
2021-04-19,65.57,65.8,65.57,65.8,33462
2021-04-20,65.86,65.86,64.67,64.67,43948
2021-04-21,65.04,65.04,64.45,64.45,83854
2021-04-22,64.61,64.69,64.61,64.69,116825
2021-04-23,64.65,64.65,64.3,64.3,318192
2021-04-26,64.41,64.84,64.41,64.84,36690
2021-04-27,64.63,64.63,64,64,81599
2021-04-28,64.26,64.26,64.12,64.12,143326
2021-04-29,64.22,64.22,63.38,63.38,106979
2021-04-30,63.5,63.5,62.54,62.54,105734
2021-05-03,62.46,62.84,62.46,62.84,14279
2021-05-04,63.24,63.24,61.02,61.02,66052
2021-05-05,61.25,61.27,61.25,61.27,94877
2021-05-06,61.08,61.08,61,61,49400
2021-05-07,61.68,62.83,61.68,62.83,97525
2021-05-10,63.44,63.44,62.99,62.99,120404
2021-05-11,62.99,62.99,61.64,61.64,61513
2021-05-12,60.49,60.49,54.17,54.17,280381
2021-05-13,54.01,54.01,53.57,53.57,87616
2021-05-14,53.23,54.33,53.23,54.33,145199
2021-05-17,54.99,54.99,54.66,54.66,100173
2021-05-18,56.55,57.53,56.55,57.53,211415
2021-05-19,57.96,57.96,57.76,57.76,165779
2021-05-20,58.4,58.4,58.37,58.37,240814
2021-05-21,58.6,58.7,58.6,58.7,67978
2021-05-24,58.6,58.6,58.31,58.31,61938
2021-05-25,57.98,58.11,57.98,58.11,34765
2021-05-26,58.19,58.19,58.13,58.13,72957
2021-05-27,58.78,60.65,58.78,60.65,76720
2021-05-28,61.21,61.21,60,60,65523
2021-05-31,60.24,60.24,60.02,60.02,22182
2021-06-01,60.28,60.28,59.28,59.28,41355
2021-06-02,58.99,58.99,57.96,57.96,30575
2021-06-03,58.01,58.01,57.55,57.55,71135
2021-06-04,57.47,57.49,57.47,57.49,24681
2021-06-07,57.47,57.92,57.47,57.92,135855
2021-06-08,57.29,57.41,57.29,57.41,99178
2021-06-09,57.86,58.11,57.86,58.11,61657
2021-06-10,57.8,58.27,57.8,58.27,79788
2021-06-11,58.89,59.28,58.89,59.28,58819
2021-06-14,59.79,59.79,59.58,59.58,89804
2021-06-15,59.26,59.26,59.09,59.09,160089
2021-06-16,58.99,59.75,58.99,59.75,54132
2021-06-17,59.5,59.5,59.03,59.03,112964
2021-06-18,58.91,58.91,58.87,58.87,157125
2021-06-21,58.27,58.31,58.27,58.31,103589
2021-06-22,57.78,58.35,57.78,58.35,37777
2021-06-23,58.54,58.54,58.33,58.33,165252
2021-06-24,58.42,58.42,57.98,57.98,70080
2021-06-25,58.03,58.05,58.03,58.05,70898
2021-06-28,57.8,58.44,57.8,58.44,44204
2021-06-29,58.66,58.87,58.66,58.87,62076
2021-06-30,58.99,59.07,58.99,59.07,90874
2021-07-01,59.09,60.18,59.09,60.18,160207
2021-07-02,60.59,60.63,60.59,60.63,71070
2021-07-05,61.14,61.14,60.38,60.38,117981
2021-07-06,60.45,61.39,60.45,61.39,55844
2021-07-07,61.66,61.66,61.45,61.45,82346
2021-07-08,61.7,61.7,59.67,59.67,62383
2021-07-09,59.97,59.97,59.89,59.89,74395
2021-07-12,60.08,60.47,60.08,60.47,60191
2021-07-13,60.02,60.02,58.66,58.66,72081
2021-07-14,58.93,58.93,57.8,57.8,62574
2021-07-15,58.03,58.03,57.35,57.35,285794
2021-07-16,57.49,57.49,56.88,56.88,110240
2021-07-19,56.2,56.2,55.71,55.71,143002
2021-07-20,56.16,56.16,54.68,54.68,114347
2021-07-21,53.88,54.11,53.88,54.11,453004
2021-07-22,54.83,56.82,54.83,56.82,115357
2021-07-23,57,57,56.34,56.34,55339
2021-07-26,55.95,55.95,55.07,55.07,56832
2021-07-27,54.99,54.99,54.23,54.23,88008
2021-07-28,54.01,54.29,54.01,54.29,52172
2021-07-29,54.4,54.4,53.9,53.9,1250381
2021-07-30,53.82,53.82,53.7,53.7,158656
2021-08-02,53.6,53.6,53.35,53.35,40398
2021-08-03,53.37,53.37,50.81,50.81,112353
2021-08-04,51.09,51.54,51.09,51.54,169099
2021-08-05,52,52,50.545,50.545,186698
2021-08-06,50.58,50.58,50.01,50.01,263873
2021-08-09,50.52,50.52,50.485,50.485,210130
2021-08-10,50.54,50.54,50.115,50.115,156964
2021-08-11,50.4,51.045,50.4,51.045,242069
2021-08-12,51.005,51.36,51.005,51.36,68200
2021-08-13,51.61,51.61,51.56,51.56,64803
2021-08-16,51.5,51.5,50.525,50.525,67912
2021-08-17,50.23,51.005,50.23,51.005,90085
2021-08-18,51.13,51.28,51.13,51.28,47420
2021-08-19,51.24,51.24,51.065,51.065,40175
2021-08-20,51.89,51.89,51.54,51.54,36470
2021-08-23,51.56,51.71,51.56,51.71,52808
2021-08-24,51.91,53.35,51.91,53.35,128271
2021-08-25,53.33,53.33,52.84,52.84,86654
2021-08-26,52.82,53.72,52.82,53.72,599709
2021-08-27,53.51,53.92,53.51,53.92,80187
2021-08-30,53.84,53.84,53.06,53.06,60164
2021-08-31,52.67,53.94,52.67,53.94,91611
2021-09-01,54.21,55.44,54.21,55.44,92904
2021-09-02,56,56,55.81,55.81,42426
2021-09-03,55.52,55.61,55.52,55.61,80314
2021-09-06,55.81,55.89,55.81,55.89,38903
2021-09-07,55.71,55.81,55.71,55.81,23561
2021-09-08,55.83,56.55,55.83,56.55,123062
2021-09-09,56,56,55.52,55.52,107125
2021-09-10,55.42,55.91,55.42,55.91,85153
2021-09-13,56.2,56.2,55.75,55.75,117335
2021-09-14,55.36,55.71,55.36,55.71,73133
2021-09-15,56.82,56.82,55.81,55.81,103378
2021-09-16,55.61,55.61,55.42,55.42,126821
2021-09-17,55.79,56.18,55.79,56.18,161069
2021-09-20,54.93,54.93,53.43,53.43,362031
2021-09-21,53.33,53.33,53.16,53.16,94258
2021-09-22,53.62,53.88,53.62,53.88,209723
2021-09-23,53.78,54.91,53.78,54.91,73199
2021-09-24,54.68,54.74,54.68,54.74,83337
2021-09-27,54.5,54.5,53.74,53.74,44202
2021-09-28,53.62,53.62,53.37,53.37,46566
2021-09-29,53.39,53.39,51.245,51.245,136038
2021-09-30,50.635,51.79,50.635,51.79,116062
2021-10-01,51.52,52.41,51.52,52.41,198633
2021-10-04,52.41,52.55,52.41,52.55,207927
2021-10-05,52.49,53.1,52.49,53.1,81661
2021-10-06,53.1,53.1,51.5,51.5,179010
2021-10-07,52.34,52.34,48.45,48.45,420991
2021-10-08,48.8,48.8,48.52,48.52,218453
2021-10-11,48.9,48.9,47.6,47.6,186361
2021-10-12,47.535,47.535,47.485,47.485,192698
2021-10-13,47.945,47.945,47.585,47.585,430122
2021-10-14,47.25,47.25,45.875,45.875,188967
2021-10-15,46,46,45.72,45.72,51377
2021-10-18,45.935,45.935,45.65,45.65,171971
2021-10-19,46.5,46.5,46.16,46.16,126009
2021-10-20,46.15,47.015,46.15,47.015,98629
2021-10-21,47.3,47.62,47.3,47.62,125457
2021-10-22,48.43,48.43,47.825,47.825,133983
2021-10-25,48,48,46.605,46.605,188151
2021-10-26,46.235,46.235,45.465,45.465,181723
2021-10-27,45.185,45.185,44.49,44.49,593450
2021-10-28,43.805,43.805,43.67,43.67,20740
2021-10-29,47.005,47.005,45.115,45.115,321868
2021-11-01,45.64,45.64,45.115,45.115,99395
2021-11-02,45.2,47.2,45.2,47.2,185750
2021-11-03,46.57,46.96,46.57,46.96,95386
2021-11-04,46.18,47.105,46.18,47.105,118400
2021-11-05,46.97,47.24,46.97,47.24,133655
2021-11-08,47.28,47.28,47.23,47.23,137336
2021-11-09,46.96,47.105,46.96,47.105,53613
2021-11-10,47.23,47.23,47.085,47.085,102086
2021-11-11,47.135,47.135,47.025,47.025,57432
2021-11-12,47.105,47.105,46.09,46.09,135791
2021-11-15,46,46.87,46,46.87,53672
2021-11-16,47.25,47.25,46.81,46.81,88724
2021-11-17,46.745,46.745,46.255,46.255,121601
2021-11-18,46.57,46.57,44.91,44.91,79651
2021-11-19,44.8,45.475,44.8,45.475,135506
2021-11-22,46.205,46.205,44.255,44.255,125276
2021-11-23,44.265,44.345,44.265,44.345,1800038
2021-11-24,43.855,44.14,43.855,44.14,117782
2021-11-25,44,44.4,44,44.4,52475
2021-11-26,43.515,44.85,43.515,44.85,138164
2021-11-29,44.775,44.91,44.775,44.91,1366640
2021-11-30,45.175,45.545,45.175,45.545,355866
2021-12-01,45.34,45.34,42.635,42.635,307903
2021-12-02,42.745,42.745,41.895,41.895,227933
2021-12-03,42.205,42.205,41.095,41.095,134629
2021-12-06,40.53,40.99,40.53,40.99,81745
2021-12-07,41.015,42.19,41.015,42.19,78676
2021-12-08,43.495,43.505,43.495,43.505,614549
2021-12-09,43.825,43.825,43.78,43.78,189406
2021-12-10,43.65,43.65,42.57,42.57,165311
2021-12-13,42.88,42.88,42.11,42.11,60469
2021-12-14,42,42,41.035,41.035,174811
2021-12-15,41.145,41.145,40.98,40.98,60270
2021-12-16,41.405,41.405,40.305,40.305,247587
2021-12-17,40.4,42.01,40.4,42.01,214546
2021-12-20,42.5,42.5,42.11,42.11,154453
2021-12-21,42.205,43.2,42.205,43.2,186631
2021-12-22,43.935,43.935,43.415,43.415,144480
2021-12-23,43.405,43.405,42.58,42.58,157483
2021-12-24,42.705,43.515,42.705,43.515,10523
2021-12-27,43.33,43.33,43,43,106915
2021-12-28,42.76,42.79,42.76,42.79,42905
2021-12-29,42.715,42.715,42.17,42.17,63784
2021-12-30,42.05,42.95,42.05,42.95,105310
2021-12-31,42.87,43.065,42.87,43.065,8600
2022-01-03,43.15,43.15,42.84,42.84,48775
2022-01-04,42.93,42.93,41.69,41.69,79200
2022-01-05,41.69,41.69,41.28,41.28,105013
2022-01-06,41.055,41.38,41.055,41.38,65408
2022-01-07,41.37,41.37,40.97,40.97,59338
2022-01-10,41.135,42.86,41.135,42.86,180722
2022-01-11,42.755,44.56,42.755,44.56,433014
2022-01-12,44.92,44.92,44.91,44.91,179597
2022-01-13,45.2,45.895,45.2,45.895,271570
2022-01-14,46.45,46.45,46,46,138015
2022-01-17,46.605,46.605,45.095,45.095,133933
2022-01-18,45.085,50.245,45.085,50.245,896538
2022-01-19,50.155,52.02,50.155,52.02,486864
2022-01-20,53,53.53,53,53.53,220744
2022-01-21,53,53,52.53,52.53,179825
2022-01-24,52.41,52.41,50.07,50.07,342637
2022-01-25,50.035,50.035,47.66,47.66,272268
2022-01-26,47.525,48.825,47.525,48.825,294421
2022-01-27,48.275,49.06,48.275,49.06,194489
2022-01-28,49.785,49.785,49.12,49.12,155807
2022-01-31,49.14,50.95,49.14,50.95,132363
2022-02-01,51.79,52.34,51.79,52.34,223611
2022-02-02,51.75,51.75,51.36,51.36,130226
2022-02-03,51.71,51.71,50.815,50.815,144677
2022-02-04,51.22,51.22,50.78,50.78,126190
2022-02-07,50.635,50.635,50.545,50.545,90283
2022-02-08,50.915,50.915,50.52,50.52,202020
2022-02-09,50.975,50.975,49.49,49.49,328907
2022-02-10,49.855,50.975,49.855,50.975,108313
2022-02-11,50.5,50.56,50.5,50.56,64465
2022-02-14,49.45,50.44,49.45,50.44,141757
2022-02-15,50.54,50.54,48.56,48.56,314261
2022-02-16,49,49,45.865,45.865,283593
2022-02-17,45.7,45.7,43.855,43.855,221756
2022-02-18,43.805,45.805,43.805,45.805,267213
2022-02-21,45.895,45.895,44.96,44.96,220328
2022-02-22,43.855,47.135,43.855,47.135,286439
2022-02-23,47.2,47.2,46.685,46.685,153849
2022-02-24,44.17,45.435,44.17,45.435,171160
2022-02-25,45.825,46.56,45.825,46.56,175769
2022-02-28,45.75,48.385,45.75,48.385,329867
2022-03-01,48.345,48.345,47.26,47.26,503103
2022-03-02,47.38,47.73,47.38,47.73,211800
2022-03-03,47.26,47.26,44.19,44.19,206967
2022-03-04,43.435,43.435,41.74,41.74,341379
2022-03-07,40.385,41.515,40.385,41.515,147099
2022-03-08,40.86,40.86,39.905,39.905,719878
2022-03-09,40.57,41.555,40.57,41.555,198180
2022-03-10,42.05,42.05,40.675,40.675,139673
2022-03-11,40.94,41.33,40.94,41.33,402431
2022-03-14,41.7,41.7,40.8,40.8,149509
2022-03-15,40.45,40.45,37.78,37.78,680974
2022-03-16,38.305,39.33,38.305,39.33,605241
2022-03-17,40,40,38.685,38.685,734873
2022-03-18,38.355,39.575,38.355,39.575,501785
2022-03-21,39.495,39.505,39.495,39.505,157204
2022-03-22,39.64,41.825,39.64,41.825,942375
2022-03-23,42.4,42.4,41.515,41.515,215597
2022-03-24,41.66,41.66,39.6,39.6,153697
2022-03-25,40.06,40.06,39.955,39.955,207520
2022-03-28,40,40,39.6,39.6,347468
2022-03-29,39.66,40.8,39.66,40.8,222850
2022-03-30,41.22,41.22,40.43,40.43,193312
2022-03-31,40.95,40.95,40.315,40.315,148079
2022-04-01,39.885,40.15,39.885,40.15,188412
2022-04-04,40.58,41.805,40.58,41.805,118557
2022-04-05,42.365,42.715,42.365,42.715,208856
2022-04-06,42.49,42.49,40.1,40.1,201742
2022-04-07,39.75,39.75,39.585,39.585,121890
2022-04-08,39.985,39.985,39.25,39.25,108344
2022-04-11,39.2,39.33,39.2,39.33,190001
2022-04-12,39.66,39.66,39.165,39.165,485740
2022-04-13,39.125,39.125,37.965,37.965,637532
2022-04-14,38,38,37.35,37.35,294566
2022-04-19,37.185,37.185,36.46,36.46,512371
2022-04-20,36.695,36.695,35.105,35.105,195882
2022-04-21,35.415,35.415,34.51,34.51,637660
2022-04-22,34.17,38.19,34.17,38.19,1569597
2022-04-25,38.43,42.755,38.43,42.755,1977854
2022-04-26,42.5,42.5,40.695,40.695,671096
2022-04-27,40.96,40.96,40.265,40.265,514596
2022-04-28,40.215,40.91,40.215,40.91,310869
2022-04-29,41.895,43.135,41.895,43.135,314639
2022-05-02,42.76,42.98,42.76,42.98,260928
2022-05-03,42.89,42.89,42.725,42.725,163577
2022-05-04,43.015,46.775,43.015,46.775,377497
2022-05-05,47.455,47.845,47.455,47.845,410939
2022-05-06,47.31,49.64,47.31,49.64,369373
2022-05-09,49.49,49.49,44.15,44.15,367401
2022-05-10,44.5,44.5,43.945,43.945,300913
2022-05-11,43.495,43.495,41.535,41.535,318921
2022-05-12,39.105,42.13,39.105,42.13,884285
2022-05-13,42.325,43.565,42.325,43.565,137914
2022-05-16,44,44.295,44,44.295,199502
2022-05-17,44.45,45.185,44.45,45.185,127381
2022-05-18,46,46,45.585,45.585,210019
2022-05-19,45.165,48.205,45.165,48.205,344721
2022-05-20,47.895,47.895,47.3,47.3,422227
2022-05-23,47.895,48.265,47.895,48.265,720864
2022-05-24,47.895,47.895,46.55,46.55,736646
2022-05-25,47.2,48.265,47.2,48.265,76862
2022-05-26,48.43,48.5,48.43,48.5,72365
2022-05-27,48.265,48.58,48.265,48.58,200681
2022-05-30,47.145,48.725,47.145,48.725,179715
2022-05-31,48.605,48.625,48.605,48.625,134248
2022-06-01,48.695,48.695,48.59,48.59,84365
2022-06-02,48.35,48.35,47.81,47.81,83691
2022-06-03,48.14,48.14,46.86,46.86,75376
2022-06-06,46.99,47.885,46.99,47.885,292405
2022-06-07,46.785,47.68,46.785,47.68,139297
2022-06-08,48.15,48.15,47.67,47.67,146254
2022-06-09,47.405,47.405,46.605,46.605,95898
2022-06-10,46.665,46.665,45.31,45.31,220324
2022-06-13,44.785,44.785,44.46,44.46,104494
2022-06-14,44.745,44.745,43.945,43.945,227658
2022-06-15,44.5,44.5,44.4,44.4,84103
2022-06-16,43.915,43.915,42.4,42.4,109182
2022-06-17,42.245,42.59,42.245,42.59,129762
2022-06-20,42.215,43.29,42.215,43.29,57148
2022-06-21,43.35,43.35,43.175,43.175,227483
2022-06-22,43.32,43.32,43.015,43.015,74817
2022-06-23,44,44,43.805,43.805,132327
2022-06-24,43.7,44.55,43.7,44.55,16559
2022-06-27,45.455,45.455,44.205,44.205,57655
2022-06-28,43.69,44,43.69,44,43141
2022-06-29,43.78,43.78,43.22,43.22,111899
2022-06-30,42.685,42.685,42.02,42.02,144958
2022-07-01,41.66,42.03,41.66,42.03,121273
2022-07-04,42.57,42.57,42.06,42.06,51529
2022-07-05,42.635,42.775,42.635,42.775,316319
2022-07-06,43.135,43.135,42.57,42.57,218515
2022-07-07,42.685,43.155,42.685,43.155,60698
2022-07-08,41.7,41.985,41.7,41.985,444711
2022-07-11,41.505,41.505,41.38,41.38,88817
2022-07-12,41.185,41.185,40.96,40.96,179896
2022-07-13,40.8,40.8,40.655,40.655,117073
2022-07-14,40.45,40.45,39.925,39.925,255658
2022-07-15,40.06,40.06,39.565,39.565,314671
2022-07-18,39.405,40.49,39.405,40.49,84469
2022-07-19,40.645,40.645,40.54,40.54,795242
2022-07-20,40.56,41.075,40.56,41.075,226227
2022-07-21,41.73,41.73,41.525,41.525,178197
2022-07-22,41.25,41.25,41.105,41.105,447574
2022-07-25,41.76,41.76,40.92,40.92,191762
2022-07-26,40.89,40.89,39.815,39.815,112940
2022-07-27,39.805,40.355,39.805,40.355,240897
2022-07-28,40.615,40.81,40.615,40.81,125779
2022-07-29,41.025,41.525,41.025,41.525,312872
2022-08-01,41.2,41.805,41.2,41.805,192757
2022-08-02,41.805,41.805,40.49,40.49,109037
2022-08-03,40.225,41.875,40.225,41.875,143771
2022-08-04,42.245,46.5,42.245,46.5,745050
2022-08-05,47.22,47.22,47.005,47.005,489402
2022-08-08,46.85,46.85,46.12,46.12,195625
2022-08-09,46.4,46.4,45.025,45.025,134835
2022-08-10,44.9,45.28,44.9,45.28,143616
2022-08-11,45.3,46.08,45.3,46.08,166530
2022-08-12,46.1,46.1,45.405,45.405,383750
2022-08-15,45.805,45.875,45.805,45.875,160164
2022-08-16,46.14,46.14,45.115,45.115,356029
2022-08-17,45.445,45.6,45.445,45.6,87325
2022-08-18,45.6,45.6,45.545,45.545,60079
2022-08-19,45.495,45.495,43.67,43.67,284994
2022-08-22,43.975,43.975,42.705,42.705,167940
2022-08-23,42.54,42.54,41.845,41.845,241191
2022-08-24,41.895,42.13,41.895,42.13,105880
2022-08-25,42.335,43.145,42.335,43.145,86725
2022-08-26,43.145,44.245,43.145,44.245,285113
2022-08-29,44.09,44.42,44.09,44.42,122159
2022-08-30,44.42,45.565,44.42,45.565,102230
2022-08-31,45.62,46.15,45.62,46.15,2126862
2022-09-01,46,46,43.74,43.74,203556
2022-09-02,44.235,44.715,44.235,44.715,129795
2022-09-05,44.705,44.705,43.155,43.155,97493
2022-09-06,43.585,43.585,43.515,43.515,766393
2022-09-07,42.345,42.345,36.15,36.15,838410
2022-09-08,36.245,36.245,35.895,35.895,1193972
2022-09-09,36.42,36.725,36.42,36.725,1210308
2022-09-12,37.455,37.545,37.455,37.545,329796
2022-09-13,37.985,37.985,35.965,35.965,250180
2022-09-14,35.7,35.7,35.445,35.445,78364
2022-09-15,35.495,35.495,34.325,34.325,145461
2022-09-16,34.205,34.205,33.915,33.915,168536
2022-09-19,33.7,33.7,33.57,33.57,730275
2022-09-20,33.415,33.415,33.21,33.21,137976
2022-09-21,33.31,33.31,32.88,32.88,541512
2022-09-22,32,32,30.625,30.625,415799
2022-09-23,30.8,30.8,30.785,30.785,190321
2022-09-26,30.54,30.695,30.54,30.695,127164
2022-09-27,31.495,31.535,31.495,31.535,129712
2022-09-28,31.31,31.31,31.085,31.085,142966
2022-09-29,30.605,30.605,28.46,28.46,172373
2022-09-30,28.1,28.375,28.1,28.375,246622
2022-10-03,27.975,28.695,27.975,28.695,5792252
2022-10-04,29.21,29.485,29.21,29.485,1226298
2022-10-05,29.005,29.005,28.4,28.4,632301
2022-10-06,28.615,28.705,28.615,28.705,712490
2022-10-07,28.1,28.19,28.1,28.19,221795
2022-10-10,28.245,28.45,28.245,28.45,1372688
2022-10-11,28.08,28.08,27.515,27.515,193659
2022-10-12,27.425,27.425,26.365,26.365,136967
2022-10-13,26.01,26.365,26.01,26.365,114347
2022-10-14,27.3,27.3,26.59,26.59,239553
2022-10-17,26.4,26.99,26.4,26.99,497520
2022-10-18,27.22,27.22,27.155,27.155,1243699
2022-10-19,27.26,27.26,26.705,26.705,307651
2022-10-20,26.14,26.96,26.14,26.96,1776862
2022-10-21,26.91,26.94,26.91,26.94,91432
2022-10-24,26.745,26.95,26.745,26.95,421891
2022-10-25,27.095,27.26,27.095,27.26,57293
2022-10-26,27.155,27.155,26.785,26.785,136008
2022-10-27,26.755,26.755,26.205,26.205,202464
2022-10-28,27.925,27.925,25.965,25.965,388706
2022-10-31,26.15,27.7,26.15,27.7,590250
2022-11-01,28.06,28.06,27.835,27.835,231380
2022-11-02,28.315,28.315,28.205,28.205,242090
2022-11-03,27.77,27.77,27.6,27.6,102364
2022-11-04,27.71,27.895,27.71,27.895,109642
2022-11-07,27.875,27.875,27.77,27.77,88046
2022-11-08,26.96,26.98,26.96,26.98,1334398
2022-11-09,26.83,26.83,25.78,25.78,532422
2022-11-10,26.01,26.635,26.01,26.635,459594
2022-11-11,27.185,27.73,27.185,27.73,180918
2022-11-14,27.445,27.845,27.445,27.845,144667
2022-11-15,27.845,27.845,27.71,27.71,78269
2022-11-16,27.69,27.69,26.59,26.59,381047
2022-11-17,27.005,27.005,26.295,26.295,276384
2022-11-18,26.15,26.15,25.865,25.865,101903
2022-11-21,26.245,26.245,25.035,25.035,171868
2022-11-22,25.085,25.3,25.085,25.3,252603
2022-11-23,25.495,25.805,25.495,25.805,250407
2022-11-24,25.935,26.81,25.935,26.81,132341
2022-11-25,26.9,26.9,26.605,26.605,123587
2022-11-28,26.695,26.695,26.54,26.54,91487
2022-11-29,26.53,26.53,26.215,26.215,229423
2022-11-30,26,26.5,26,26.5,498390
2022-12-01,26.96,27.425,26.96,27.425,344376
2022-12-02,27.545,28.41,27.545,28.41,209750
2022-12-05,28.5,28.5,28.295,28.295,792962
2022-12-06,28.235,28.235,27.415,27.415,392247
2022-12-07,27.445,28.12,27.445,28.12,279684
2022-12-08,28.245,28.245,26.93,26.93,228458
2022-12-09,27.055,27.055,26.98,26.98,196574
2022-12-12,27.005,27.045,27.005,27.045,202956
2022-12-13,27.085,27.085,26.44,26.44,190916
2022-12-14,26.205,26.755,26.205,26.755,311076
2022-12-15,26.245,26.245,25.945,25.945,193013
2022-12-16,25.64,25.64,25.425,25.425,231684
2022-12-19,25.405,26,25.405,26,328069
2022-12-20,25.495,25.495,25.415,25.415,211032
2022-12-21,25.61,26.665,25.61,26.665,376119
2022-12-22,26.85,26.85,25.875,25.875,640651
2022-12-23,26.335,26.54,26.335,26.54,111822
2022-12-27,26.7,26.7,26.34,26.34,94095
2022-12-28,26.305,26.305,26.245,26.245,97495
2022-12-29,26.17,27.165,26.17,27.165,142140
2022-12-30,26.96,26.96,26.58,26.58,179948
2023-01-02,26.93,27.09,26.93,27.09,87087
2023-01-03,27.405,27.405,27.21,27.21,138481
2023-01-04,27.435,27.955,27.435,27.955,346636
2023-01-05,27.72,27.72,27.185,27.185,420083
2023-01-06,26.51,26.51,25.6,25.6,570951
2023-01-09,25.495,25.495,25.065,25.065,232262
2023-01-10,25.005,25.005,23.79,23.79,435805
2023-01-11,23.68,24.01,23.68,24.01,370488
2023-01-12,19.5025,20.45,19.5025,20.45,2311807
2023-01-13,20.605,20.89,20.605,20.89,754068
2023-01-16,20.8,20.8,20.225,20.225,280572
2023-01-17,20.3025,20.3025,20.07,20.07,482619
2023-01-18,20.05,20.05,19.825,19.825,258688
2023-01-19,19.3825,19.3825,19.25,19.25,863404
2023-01-20,19.3625,19.3625,19.1925,19.1925,265075
2023-01-23,19.3725,19.6325,19.3725,19.6325,187188
2023-01-24,19.4,19.6025,19.4,19.6025,180933
2023-01-25,19.7775,19.7775,19.015,19.015,239924
2023-01-26,19.26,19.26,18.85,18.85,377515
2023-01-27,18.835,19.025,18.835,19.025,451282
2023-01-30,19.23,19.23,19.1775,19.1775,620717
2023-01-31,18.81,18.9225,18.81,18.9225,263317
2023-02-01,18.9475,18.9675,18.9475,18.9675,1611353
2023-02-02,18.8,20.82,18.8,20.82,432762
2023-02-03,20.355,21.005,20.355,21.005,1330493
2023-02-06,20.88,20.88,20.735,20.735,1037679
2023-02-07,20.58,20.83,20.58,20.83,819994
2023-02-08,21.085,21.085,20.95,20.95,204618
2023-02-09,21.005,21.2,21.005,21.2,190947
2023-02-10,21.23,21.23,20.4025,20.4025,511131
2023-02-13,20.55,20.55,20.335,20.335,155919
2023-02-14,20.3025,20.3025,20.0825,20.0825,799305
2023-02-15,19.8575,19.8575,19.7775,19.7775,1227687
2023-02-16,19.77,19.77,19.7,19.7,241631
2023-02-17,20.02,20.3125,20.02,20.3125,551219
2023-02-21,20.695,20.695,20.4525,20.4525,895438
2023-02-22,20.1475,20.4125,20.1475,20.4125,215402
2023-02-23,20.2775,20.2775,20.18,20.18,784057
2023-02-24,20.3025,20.3025,20.3025,20.3025,889365
2023-02-27,20.1475,20.82,20.1475,20.82,249620
2023-02-28,20.3025,21.065,20.3025,21.065,2488151
2023-03-01,21.005,21.005,20.755,20.755,203328
2023-03-02,20.57,20.85,20.57,20.85,348536
2023-03-03,20.9,21.475,20.9,21.475,175394
2023-03-06,21.7,21.885,21.7,21.885,208839
2023-03-07,21.915,21.915,21.66,21.66,196691
2023-03-08,21.61,22.15,21.61,22.15,201981
2023-03-09,22.215,23.015,22.215,23.015,319615
2023-03-10,22.605,22.785,22.605,22.785,361266
2023-03-13,22.605,22.645,22.605,22.645,539150
2023-03-14,22.46,22.85,22.46,22.85,142935
2023-03-15,22.5,22.5,22.19,22.19,389728
2023-03-16,22.225,23.515,22.225,23.515,520876
2023-03-17,23.35,23.405,23.35,23.405,417868
2023-03-20,23.005,23.005,22.96,22.96,392328
2023-03-21,23.085,23.085,22.265,22.265,863133
2023-03-22,23.2,23.2,22.15,22.15,2004549
2023-03-23,22.05,22.15,22.05,22.15,243290
2023-03-24,21.885,21.915,21.885,21.915,343965
2023-03-27,21.835,22.315,21.835,22.315,311720
2023-03-28,22.4,22.4,21.915,21.915,246493
2023-03-29,22.255,23.115,22.255,23.115,370121
2023-03-30,23.405,24.02,23.405,24.02,182520
2023-03-31,24,24.45,24,24.45,317661
2023-04-03,24.755,24.755,23.805,23.805,239976
2023-04-04,24,24,23.3,23.3,262322
2023-04-05,23.095,23.145,23.095,23.145,97616
2023-04-06,22.97,23.62,22.97,23.62,126421
2023-04-11,23.885,24.05,23.885,24.05,179658
2023-04-12,23.7,24.11,23.7,24.11,254804
2023-04-13,24.08,24.08,23.985,23.985,192601
2023-04-14,23.925,23.925,23.445,23.445,167377
2023-04-17,23.3,24.03,23.3,24.03,242807
2023-04-18,24.14,24.56,24.14,24.56,351945
2023-04-19,24.205,24.92,24.205,24.92,126292
2023-04-20,24.95,24.95,24.765,24.765,179151
2023-04-21,24.5,25.455,24.5,25.455,257030
2023-04-24,25.475,25.66,25.475,25.66,174953
2023-04-25,25.495,25.575,25.495,25.575,173785
2023-04-26,25.415,25.62,25.415,25.62,245230
2023-04-27,25.35,26.16,25.35,26.16,291265
2023-04-28,26.245,26.41,26.245,26.41,243081
2023-05-02,26.41,26.41,26.41,26.41,212506
2023-05-03,26.665,26.665,26.16,26.16,329003
2023-05-04,26.215,26.255,26.215,26.255,157285
2023-05-05,26.45,26.635,26.45,26.635,80809
2023-05-08,26.58,26.8,26.58,26.8,91475
2023-05-09,26.8,26.93,26.8,26.93,289028
2023-05-10,27.095,27.095,26.5,26.5,200137
2023-05-11,26.56,26.84,26.56,26.84,110159
2023-05-12,26.88,26.88,26.03,26.03,124225
2023-05-15,26.14,26.52,26.14,26.52,201442
2023-05-16,26.45,26.45,25.485,25.485,143657
2023-05-17,23.475,25.005,23.475,25.005,704170
2023-05-18,25.005,25.005,24.52,24.52,179548
2023-05-19,23.72,24.58,23.72,24.58,285660
2023-05-22,24.12,24.82,24.12,24.82,288672
2023-05-23,25.075,25.445,25.075,25.445,212474
2023-05-24,25.39,25.39,24.18,24.18,440590
2023-05-25,23.915,24.18,23.915,24.18,115841
2023-05-26,24.17,25.24,24.17,25.24,201466
2023-05-29,25.22,25.23,25.22,25.23,517102
2023-05-30,25.175,26.335,25.175,26.335,278538
2023-05-31,26.1,26.335,26.1,26.335,169398
2023-06-01,26.99,27.33,26.99,27.33,143142
2023-06-02,27.68,27.68,27.34,27.34,413501
2023-06-05,27.6,27.6,27.545,27.545,198509
2023-06-06,28,28.355,28,28.355,223814
2023-06-07,28.46,28.46,27.21,27.21,203193
2023-06-08,26.9,26.9,26.285,26.285,288230
2023-06-09,26.08,26.08,25.905,25.905,455773
2023-06-12,26.5,26.55,26.5,26.55,216493
2023-06-13,26.91,26.91,26.09,26.09,416497
2023-06-14,26.785,26.785,26.59,26.59,282606
2023-06-15,26.54,26.54,26.06,26.06,139799
2023-06-16,26.205,26.715,26.205,26.715,171207
2023-06-19,26.305,26.605,26.305,26.605,112703
2023-06-20,26.245,26.245,25.835,25.835,76268
2023-06-21,25.7,25.7,25.495,25.495,99584
2023-06-22,25.565,26.19,25.565,26.19,277289
2023-06-23,25.835,25.835,25.165,25.165,100591
2023-06-26,25.37,25.78,25.37,25.78,102747
2023-06-27,25.6,25.6,25.31,25.31,124904
2023-06-28,25.535,26.08,25.535,26.08,125846
2023-06-29,26.08,26.15,26.08,26.15,511145
2023-06-30,26.03,26.03,25.865,25.865,61214
2023-07-03,25.77,25.77,25.31,25.31,193930
2023-07-04,25.125,25.7,25.125,25.7,752128
2023-07-05,25.36,25.36,25.095,25.095,52478
2023-07-06,25.135,25.135,24.17,24.17,627424
2023-07-07,24.02,24.17,24.02,24.17,45023
2023-07-10,24.17,24.735,24.17,24.735,97664
2023-07-11,24.94,25.145,24.94,25.145,97360
2023-07-12,25.075,25.945,25.075,25.945,122242
2023-07-13,25.935,26.07,25.935,26.07,46090
2023-07-14,25.75,25.925,25.75,25.925,60402
2023-07-17,26,26.06,26,26.06,323275
2023-07-18,26.305,26.745,26.305,26.745,270854
2023-07-19,26.86,27.63,26.86,27.63,219287
2023-07-20,27.76,27.76,27.33,27.33,170628
2023-07-21,27.68,28.91,27.68,28.91,350441
2023-07-24,28.99,30.42,28.99,30.42,510774
2023-07-25,30.605,30.605,29.72,29.72,289534
2023-07-26,29.22,29.915,29.22,29.915,196070
2023-07-27,30.01,30.07,30.01,30.07,640717
2023-07-28,29.76,30.07,29.76,30.07,74057
2023-07-31,30,30.54,30,30.54,153687
2023-08-01,30.675,30.675,30.13,30.13,52833
2023-08-02,29.75,29.75,29.72,29.72,112444
2023-08-03,29.525,29.525,28.705,28.705,167503
2023-08-04,28.55,28.715,28.55,28.715,418904
2023-08-07,28.605,28.605,28.345,28.345,532347
2023-08-08,28.255,28.255,28.05,28.05,37682
2023-08-09,28.775,28.775,27.72,27.72,77510
2023-08-10,27.815,28.47,27.815,28.47,38241
2023-08-11,28.375,28.375,27.945,27.945,59075
2023-08-14,27.72,28.09,27.72,28.09,256033
2023-08-15,27.805,28.15,27.805,28.15,55128
2023-08-16,28.02,28.02,27.67,27.67,57493
2023-08-17,27.6,27.6,27.465,27.465,54947
2023-08-18,27.21,27.21,27.065,27.065,46575
2023-08-21,27.055,27.055,26.87,26.87,54530
2023-08-22,28,29.495,28,29.495,656494
2023-08-23,29.2,29.2,28.95,28.95,113316
2023-08-24,29.495,29.495,28.205,28.205,40304
2023-08-25,28,28.355,28,28.355,281826
2023-08-28,28.68,28.68,28.6,28.6,34020
2023-08-29,28.645,28.86,28.645,28.86,46088
2023-08-30,29.3,29.3,27.36,27.36,228775
2023-08-31,27.535,28.08,27.535,28.08,373163
2023-09-01,27.905,28.95,27.905,28.95,97382
2023-09-04,28.97,28.97,28.43,28.43,95282
2023-09-05,28.365,28.365,28.02,28.02,159830
2023-09-06,27.7,28.285,27.7,28.285,67221
2023-09-07,27.925,27.925,27.825,27.825,79441
2023-09-08,27.845,27.845,27.74,27.74,44788
2023-09-11,28,28,27.805,27.805,60039
2023-09-12,28,28,27.475,27.475,69642
2023-09-13,27.495,28.325,27.495,28.325,77241
2023-09-14,28.5,29.015,28.5,29.015,172084
2023-09-15,28.685,28.685,28.655,28.655,187329
2023-09-18,28,28,27.79,27.79,54238
2023-09-19,27.6,28.11,27.6,28.11,340267
2023-09-20,28.46,28.85,28.46,28.85,535512
2023-09-21,29.005,29.005,28.245,28.245,136525
2023-09-22,28.18,29.31,28.18,29.31,92478
2023-09-25,30.635,30.635,30.14,30.14,177971
2023-09-26,29.825,29.825,29.75,29.75,213878
2023-09-27,29.895,29.925,29.895,29.925,127985
2023-09-28,29.895,29.895,29.31,29.31,103915
2023-09-29,29.065,30.94,29.065,30.94,122094
2023-10-02,30.93,30.93,29.985,29.985,153504
2023-10-03,29.935,29.935,28.94,28.94,221815
2023-10-04,28.635,28.83,28.635,28.83,184028
2023-10-05,29.005,29.005,28.205,28.205,136384
2023-10-06,28.4,28.615,28.4,28.615,602615
2023-10-09,28.43,28.785,28.43,28.785,84453
2023-10-10,28.93,28.93,27.445,27.445,370259
2023-10-11,27.2,27.2,26.98,26.98,233341
2023-10-12,26.95,28.41,26.95,28.41,152826
2023-10-13,28.5,28.775,28.5,28.775,173833
2023-10-16,28.16,28.98,28.16,28.98,212121
2023-10-17,28.96,28.96,27.68,27.68,303011
2023-10-18,27.495,27.7,27.495,27.7,44878
2023-10-19,28,28,27.7,27.7,88866
2023-10-20,27.095,27.095,26.57,26.57,153136
2023-10-23,26.325,26.775,26.325,26.775,215288
2023-10-24,27.155,27.155,26.83,26.83,85957
2023-10-25,26.99,26.99,25.66,25.66,276679
2023-10-26,25.875,26.02,25.875,26.02,339846
2023-10-27,28.315,28.315,27.175,27.175,807943
2023-10-30,27.65,27.65,26.255,26.255,345525
2023-10-31,26.46,26.87,26.46,26.87,142576
2023-11-01,26.96,26.96,26.96,26.96,90244
2023-11-02,27.3,27.845,27.3,27.845,146071
2023-11-03,27.875,28.315,27.875,28.315,301333
2023-11-06,28.225,28.225,28.1,28.1,70937
2023-11-07,28.11,28.385,28.11,28.385,92060
2023-11-08,28.54,28.54,28.42,28.42,667654
2023-11-09,28.54,29.465,28.54,29.465,176231
2023-11-10,29.2,29.2,29.005,29.005,173869
2023-11-13,28.82,29.545,28.82,29.545,116308
2023-11-14,29.32,29.905,29.32,29.905,199040
2023-11-15,30.1,30.1,29.905,29.905,199969
2023-11-16,29.805,29.805,29.67,29.67,147514
2023-11-17,29.495,29.75,29.495,29.75,330630
2023-11-20,29.495,30.16,29.495,30.16,61011
2023-11-21,30.09,30.275,30.09,30.275,194918
2023-11-22,30.205,30.205,29.965,29.965,375685
2023-11-23,29.7,29.7,29.6,29.6,107925
2023-11-24,29.405,29.67,29.405,29.67,225970
2023-11-27,29.7,29.7,29.485,29.485,239977
2023-11-28,27.495,27.495,26.98,26.98,1108321
2023-11-29,27.015,27.015,26.57,26.57,572054
2023-11-30,26.58,26.58,26.12,26.12,350211
2023-12-01,25.71,25.985,25.71,25.985,459836
2023-12-04,25.69,25.69,25.075,25.075,1581021
2023-12-05,25.22,25.22,24.84,24.84,312260
2023-12-06,24.95,24.97,24.95,24.97,148832
2023-12-07,24.85,24.93,24.85,24.93,137698
2023-12-08,24.91,24.91,24.205,24.205,242782
2023-12-11,24.42,24.42,24.02,24.02,961340
2023-12-12,23.76,23.76,23.39,23.39,313812
2023-12-13,23.005,23.435,23.005,23.435,309461
2023-12-14,23.565,23.77,23.565,23.77,136327
2023-12-15,23.875,24,23.875,24,163451
2023-12-18,23.79,23.79,23.65,23.65,356429
2023-12-19,23.495,24.07,23.495,24.07,895645
2023-12-20,23.805,24,23.805,24,153133
2023-12-21,23.7,24.07,23.7,24.07,80131
2023-12-22,23.37,23.37,23.23,23.23,331720
2023-12-27,23.495,23.495,23.3,23.3,109321
2023-12-28,23.125,23.125,23.125,23.125,122301
2023-12-29,23.095,23.22,23.095,23.22,76704
2024-01-02,23.26,23.445,23.26,23.445,91586
2024-01-03,23.805,23.805,23.155,23.155,54202
2024-01-04,23.045,23.23,23.045,23.23,329606
2024-01-05,23.005,23.005,22.45,22.45,987789
2024-01-08,22.48,22.725,22.48,22.725,166974
2024-01-09,22.605,22.605,22.59,22.59,152403
2024-01-10,22.685,22.685,22.385,22.385,397498
2024-01-11,22.345,22.345,21.815,21.815,320550
2024-01-12,22,22.01,22,22.01,128961
2024-01-15,21.975,22.47,21.975,22.47,264820
2024-01-16,22.205,22.205,20.725,20.725,664241
2024-01-17,20.85,20.85,19.525,19.525,714489
2024-01-18,19.945,19.945,19.76,19.76,261768
2024-01-19,19.915,19.915,19.9125,19.9125,302176
2024-01-22,20.2875,20.2875,19.8675,19.8675,216899
2024-01-23,20.2875,20.4,20.2875,20.4,510856
2024-01-24,20.735,20.86,20.735,20.86,215691
2024-01-25,20.645,20.645,20.1975,20.1975,242130
2024-01-26,20.5,20.53,20.5,20.53,172314
2024-01-29,20.4,20.4,20.315,20.315,155667
2024-01-30,20.355,20.355,20.3425,20.3425,153457
2024-01-31,20.2375,20.56,20.2375,20.56,199747
2024-02-01,20.305,20.305,20.205,20.205,402035
2024-02-02,20.3025,20.3025,20.3025,20.3025,99869
2024-02-05,20.345,20.345,20.325,20.325,161404
2024-02-06,20.355,20.355,19.825,19.825,149486
2024-02-07,19.9025,19.9025,19.5025,19.5025,157195
2024-02-08,19.68,19.9525,19.68,19.9525,153934
2024-02-09,21.74,22.83,21.74,22.83,685832
2024-02-12,22.625,23.69,22.625,23.69,572132
2024-02-13,23.33,23.425,23.33,23.425,482646
2024-02-14,23.33,24.4,23.33,24.4,336798
2024-02-15,24.48,24.55,24.48,24.55,432744
2024-02-16,24.84,24.84,24.19,24.19,141654
2024-02-19,24.11,24.11,23.865,23.865,608358
2024-02-20,23.505,23.505,22.99,22.99,360431
2024-02-21,22.54,22.57,22.54,22.57,853161
2024-02-22,22.385,22.625,22.385,22.625,268490
2024-02-23,22.245,22.245,22.11,22.11,175929
2024-02-26,22.335,22.335,21.76,21.76,296800
2024-02-27,21.515,21.515,21.425,21.425,112840
2024-02-28,21.405,21.405,21.2,21.2,511203
2024-02-29,21.23,21.32,21.23,21.32,269484
2024-03-01,21.2,21.2,20.89,20.89,225821
2024-03-04,20.85,20.85,20.625,20.625,145752
2024-03-05,20.5,20.5,20.4,20.4,361168
2024-03-06,20.375,20.375,20.2875,20.2875,264447
2024-03-07,20.3025,20.3025,20.1075,20.1075,382344
2024-03-08,20.1175,20.1175,19.41,19.41,151264
2024-03-11,19.555,19.555,19.3375,19.3375,509239
2024-03-12,19.1675,19.64,19.1675,19.64,205258
2024-03-13,19.8775,19.9025,19.8775,19.9025,195812
2024-03-14,19.985,19.985,19.045,19.045,208409
2024-03-15,19.1075,19.1075,18.89,18.89,642667
2024-03-18,19.1575,19.1575,19.06,19.06,178121
2024-03-19,19,19,18.8,18.8,223494
2024-03-20,19.01,19.01,18.9225,18.9225,86554
2024-03-21,19.1025,19.1025,19.05,19.05,166556
2024-03-22,19.055,19.1025,19.055,19.1025,124056
2024-03-25,19.3475,19.3475,18.9525,18.9525,89233
2024-03-26,19.04,19.5025,19.04,19.5025,159190
2024-03-27,19.7475,19.7475,19.66,19.66,65939
2024-03-28,19.535,19.535,19.5225,19.5225,219692
2024-04-02,19.7775,19.7775,19.6325,19.6325,351611
2024-04-03,19.7375,19.74,19.7375,19.74,227113
2024-04-04,19.6925,19.955,19.6925,19.955,150036
2024-04-05,19.525,19.7,19.525,19.7,316861
2024-04-08,19.8775,20.665,19.8775,20.665,687102
2024-04-09,20.675,21.085,20.675,21.085,349133
2024-04-10,21.005,21.005,20.82,20.82,169669
2024-04-11,20.86,20.86,20.56,20.56,191413
2024-04-12,20.86,20.86,20.59,20.59,136675
2024-04-15,20.325,20.4025,20.325,20.4025,355198
2024-04-16,20.3025,20.3025,20.265,20.265,108335
2024-04-17,20.53,21.31,20.53,21.31,85180
2024-04-18,21.29,21.29,21.155,21.155,226923
2024-04-19,20.88,21.025,20.88,21.025,135870
2024-04-22,21.005,21.79,21.005,21.79,305663
2024-04-23,21.825,21.835,21.825,21.835,154491
2024-04-24,21.78,21.78,21.66,21.66,98899
2024-04-25,21.555,21.79,21.555,21.79,242467
2024-04-26,21.6,21.865,21.6,21.865,192959
2024-04-29,21.825,22.12,21.825,22.12,16468
2024-04-30,22.355,22.355,22.19,22.19,82906
2024-05-01,22.19,22.19,22.19,22.19,0
2024-05-02,22.1,22.265,22.1,22.265,13480
2024-05-03,22.1,22.1,21.975,21.975,8745
2024-05-06,22.08,22.08,21.62,21.62,4906
2024-05-07,22.635,22.635,22.5,22.5,25401
2024-05-08,22.345,22.355,22.345,22.355,15207
2024-05-09,22.215,22.305,22.215,22.305,15108
2024-05-10,22.46,22.49,22.46,22.49,62492
2024-05-13,22.5,22.5,22.305,22.305,14505
2024-05-14,22.59,23.135,22.59,23.135,14132
2024-05-15,23.3,23.39,23.3,23.39,424392
2024-05-16,22.03,22.03,20.2275,20.2275,437802
2024-05-17,20.4,21.25,20.4,21.25,106366
2024-05-20,21.895,22.16,21.895,22.16,96449
2024-05-21,22.285,22.285,21.445,21.445,365851
2024-05-22,21.555,21.845,21.555,21.845,257697
2024-05-23,21.75,21.75,20.98,20.98,27144
2024-05-24,20.96,22.03,20.96,22.03,42423
2024-05-27,21.92,22.04,21.92,22.04,54648
2024-05-28,22.325,22.325,21.805,21.805,196100
2024-05-29,21.845,21.845,21.465,21.465,27178
2024-05-30,21.495,22.275,21.495,22.275,21512
2024-05-31,22.14,22.51,22.14,22.51,783205
2024-06-03,22.615,23.175,22.615,23.175,901711
2024-06-04,23.005,23.005,22.765,22.765,14278
2024-06-05,22.735,23.28,22.735,23.28,78691
2024-06-06,23.405,23.405,22.95,22.95,52996
2024-06-07,22.88,23.32,22.88,23.32,67097
2024-06-10,22.92,23.22,22.92,23.22,19420
2024-06-11,23.025,23.025,22.14,22.14,27520
2024-06-12,22,22.07,22,22.07,32545
2024-06-13,22.13,22.13,21.65,21.65,17828
2024-06-14,21.545,21.545,21.165,21.165,268218
2024-06-17,21.155,21.155,21.065,21.065,33271
2024-06-18,21.005,21.39,21.005,21.39,34923
2024-06-19,21.445,21.515,21.445,21.515,18620
2024-06-20,21.23,21.23,21.2,21.2,22901
2024-06-21,21.2,21.2,20.19,20.19,8589
2024-06-24,20.2775,21.28,20.2775,21.28,42056
2024-06-25,21.055,21.055,20.89,20.89,213789
2024-06-26,20.94,20.94,20.59,20.59,22993
2024-06-27,20.5,20.5,20.4625,20.4625,8050
2024-06-28,20.355,20.355,20.3325,20.3325,35822
2024-07-01,21.095,21.095,20.54,20.54,16197
2024-07-02,20,20,19.6125,19.6125,93316
2024-07-03,19.5825,19.6025,19.5825,19.6025,31679
2024-07-04,19.485,19.5125,19.485,19.5125,40382
2024-07-05,19.61,19.7775,19.61,19.7775,15836
2024-07-08,20.8,21.27,20.8,21.27,109570
2024-07-09,21.005,21.905,21.005,21.905,160847
2024-07-10,22.02,22.54,22.02,22.54,222034
2024-07-11,22.5,22.5,22.375,22.375,136846
2024-07-12,22.625,22.625,22.55,22.55,29287
2024-07-15,22.365,22.365,22.365,22.365,12259
2024-07-16,22.305,22.305,21.895,21.895,26704
2024-07-17,21.855,22.51,21.855,22.51,271370
2024-07-18,22.56,22.56,22.51,22.51,206971
2024-07-19,19.5025,19.5025,19.43,19.43,125040
2024-07-22,19.6,19.9725,19.6,19.9725,38799
2024-07-23,19.9725,19.9725,19.6,19.6,640844
2024-07-24,19.45,19.45,18.885,18.885,72256
2024-07-25,18.9775,18.9775,18.3125,18.3125,174041
2024-07-26,18.3175,18.9475,18.3175,18.9475,18053
2024-07-29,19.085,19.085,18.865,18.865,39131
2024-07-30,18.7475,18.8,18.7475,18.8,19125
2024-07-31,19.3025,19.3025,18.9375,18.9375,24300
2024-08-01,18.835,18.835,18.3425,18.3425,7118
2024-08-02,18.1475,18.1475,17.3625,17.3625,39605
2024-08-05,16.83,17.08,16.83,17.08,52835
2024-08-06,17.3025,17.3025,17.1575,17.1575,7894
2024-08-07,17.225,17.225,17.22,17.22,23250
2024-08-08,17.065,17.065,16.81,16.81,103395
2024-08-09,16.675,16.895,16.675,16.895,26243
2024-08-12,17.1875,17.1875,16.9125,16.9125,16547
2024-08-13,17.1475,17.1475,16.9825,16.9825,16472
2024-08-14,17.1475,17.1475,16.9675,16.9675,31198
2024-08-15,17.1025,17.1025,16.9675,16.9675,12866
2024-08-16,16.9875,16.9875,16.88,16.88,22720
2024-08-19,16.9575,16.9575,16.9025,16.9025,49283
2024-08-20,17.1475,17.1475,16.85,16.85,32950
2024-08-21,16.855,16.9725,16.855,16.9725,22660
2024-08-22,17.205,17.205,16.7725,16.7725,29740
2024-08-23,17,17,16.9025,16.9025,11225
2024-08-26,17.035,17.255,17.035,17.255,13746
2024-08-27,17.3875,17.645,17.3875,17.645,369989
2024-08-28,17.5025,17.5025,17.49,17.49,55750
2024-08-29,17.3675,17.3675,17.21,17.21,27772
2024-08-30,17.3225,17.3225,17.21,17.21,26067
2024-09-02,17.3125,17.3125,16.22,16.22,43827
2024-09-03,16.3025,16.3025,15.455,15.455,88867
2024-09-04,15.47,15.5575,15.47,15.5575,58428
2024-09-05,15.5425,15.5425,15.3375,15.3375,179509
2024-09-06,15.3025,15.3025,14.63,14.63,426152
2024-09-09,14.5825,14.5825,13.655,13.655,301292
2024-09-10,13.81,13.81,13.1525,13.1525,55314
2024-09-11,13.1475,13.1475,12.03,12.03,1353026
2024-09-12,12.035,12.035,11.695,11.695,79616
2024-09-13,11.7775,11.7775,11.7375,11.7375,78974
2024-09-16,11.815,11.815,11.285,11.285,356344
2024-09-17,11.3875,11.9075,11.3875,11.9075,42684
2024-09-18,12.24,12.62,12.24,12.62,334008
2024-09-19,13.1375,13.1375,12.9175,12.9175,211377
2024-09-20,12.85,12.85,12.235,12.235,75246
2024-09-23,12.1075,12.1075,12.065,12.065,921091
2024-09-24,12.45,12.45,11.9625,11.9625,215217
2024-09-25,11.63,11.63,11.405,11.405,1177963
2024-09-26,9.9875,9.9875,9.9085,9.9085,727596
2024-09-27,10,10.425,10,10.425,266360
2024-09-30,10.675,10.675,10.2115,10.2115,382655
2024-10-01,10.1725,10.27,10.1725,10.27,81430
2024-10-02,10.3425,10.3525,10.3425,10.3525,72848
2024-10-03,10.3025,10.5875,10.3025,10.5875,73059
2024-10-04,10.675,14.1225,10.675,14.1225,229534
2024-10-07,14.24,14.24,13.7825,13.7825,631022
2024-10-08,13.7025,13.7025,13.1525,13.1525,922386
2024-10-09,13.01,13.1625,13.01,13.1625,72883
2024-10-10,13,13.1275,13,13.1275,29319
2024-10-11,13.095,13.095,12.9825,12.9825,43076
2024-10-14,13.1225,13.445,13.1225,13.445,545208
2024-10-15,13.5925,13.5925,13.3675,13.3675,25419
2024-10-16,13.1075,13.1225,13.1075,13.1225,23209
2024-10-17,13.075,13.7625,13.075,13.7625,228369
2024-10-18,13.9025,13.9025,13.3025,13.3025,128196
2024-10-21,13.26,13.5025,13.26,13.5025,33251
2024-10-22,13.4,13.815,13.4,13.815,367015
2024-10-23,13.685,13.7675,13.685,13.7675,15316
2024-10-24,13.7725,13.7725,13.5775,13.5775,15254
2024-10-25,13.5025,13.5925,13.5025,13.5925,534016
2024-10-28,13.8,13.8,13.5025,13.5025,32749
2024-10-29,13.635,13.9325,13.635,13.9325,40326
2024-10-30,13.82,13.82,13.48,13.48,875018
2024-10-31,13.3025,13.465,13.3025,13.465,55786
2024-11-01,13.7025,14.1425,13.7025,14.1425,375011
2024-11-04,14,14,13.6,13.6,29646
2024-11-05,13.5025,13.5025,13.5025,13.5025,163968
2024-11-06,13.5025,13.5025,13.3875,13.3875,19548
2024-11-07,13.8,13.8,13.495,13.495,71832
2024-11-08,13.5025,13.5275,13.5025,13.5275,216528
2024-11-11,13.5075,13.5125,13.5075,13.5125,34398
2024-11-12,13.48,13.48,13.3275,13.3275,31979
2024-11-13,13.5175,13.5175,13.5025,13.5025,41505
2024-11-14,13.49,13.5025,13.49,13.5025,33593
2024-11-15,13.3575,13.415,13.3575,13.415,697972
2024-11-18,13.3675,13.3675,13.3325,13.3325,20282
2024-11-19,13.28,13.3225,13.28,13.3225,13286
2024-11-20,13.3025,13.3025,12.9925,12.9925,77968
2024-11-21,13,13,12.5725,12.5725,27341
2024-11-22,12.6,12.67,12.6,12.67,46307
2024-11-25,12.5575,12.885,12.5575,12.885,26442
2024-11-26,12.7075,12.7075,12.46,12.46,53276
2024-11-27,12.295,12.295,12.03,12.03,336107
2024-11-28,11.9475,12.255,11.9475,12.255,743276
2024-11-29,12.275,12.5225,12.275,12.5225,63657
2024-12-02,12.1025,12.1025,11.64,11.64,73959
2024-12-03,11.5675,11.7375,11.5675,11.7375,61425
2024-12-04,11.65,11.7025,11.65,11.7025,378826
2024-12-05,11.8,11.835,11.8,11.835,336984
2024-12-06,11.68,13.3675,11.68,13.3675,49503
2024-12-09,13.5475,13.5475,13.235,13.235,15704
2024-12-10,13.3225,13.3225,13.245,13.245,16778
2024-12-11,13.1725,13.1725,12.685,12.685,36550
2024-12-12,12.5025,12.5025,12.445,12.445,9318
2024-12-13,12.3375,12.3375,12.1325,12.1325,14078
2024-12-16,12.1425,12.5625,12.1425,12.5625,10551
2024-12-17,12.25,12.5075,12.25,12.5075,33965
2024-12-18,12.05,12.3325,12.05,12.3325,11188
2024-12-19,12.1475,12.5375,12.1475,12.5375,9352
2024-12-20,12.485,12.485,12.3575,12.3575,25747
2024-12-23,12.3325,12.7175,12.3325,12.7175,467397
2024-12-24,12.64,12.64,12.5075,12.5075,3051
2024-12-27,12.3025,12.8,12.3025,12.8,15336
2024-12-30,12.9175,12.9925,12.9175,12.9925,8203
2024-12-31,12.9925,12.9925,12.9375,12.9375,2386
2025-01-02,12.9025,12.9025,12.84,12.84,22631
2025-01-03,12.885,12.885,12.675,12.675,881124
2025-01-06,12.665,12.9075,12.665,12.9075,6133
2025-01-07,12.8,12.9225,12.8,12.9225,23158
2025-01-08,12.9375,12.9375,12.46,12.46,9190
2025-01-09,12.3475,12.3675,12.3475,12.3675,14845
2025-01-10,11.5825,12.3575,11.5825,12.3575,97405
2025-01-13,11.9025,11.9525,11.9025,11.9525,16804
2025-01-14,11.7225,11.7225,11.63,11.63,28892
2025-01-15,11.86,12.255,11.86,12.255,123073
2025-01-16,11.9275,11.9275,11.63,11.63,14338
2025-01-17,11.675,11.7125,11.675,11.7125,109594
2025-01-20,11.7325,11.7325,11.5425,11.5425,14971
2025-01-21,11.425,11.425,11.23,11.23,10204
2025-01-22,11.3025,11.3025,11.205,11.205,21215
2025-01-23,11.1075,11.1475,11.1075,11.1475,16267
2025-01-24,11.25,11.835,11.25,11.835,88094
2025-01-27,11.9325,11.9325,11.825,11.825,41153
2025-01-28,11.9425,11.9425,11.7325,11.7325,44087
2025-01-29,11.66,11.66,11.425,11.425,378828
2025-01-30,11.69,11.69,11.1525,11.1525,224240
2025-01-31,11.205,11.205,11.1775,11.1775,16276
2025-02-03,11.055,11.055,10.9675,10.9675,52477
2025-02-04,10.9025,11.01,10.9025,11.01,30431
2025-02-05,11.05,11.05,10.9325,10.9325,15924
2025-02-06,11.02,11.1275,11.02,11.1275,15842
2025-02-07,11.2,11.2,11.02,11.02,17828
2025-02-10,11.2,11.2,10.9475,10.9475,166495
2025-02-11,10.9075,10.9075,10.805,10.805,17466
2025-02-12,10.9875,10.9875,10.855,10.855,39703
2025-02-13,11.045,11.085,11.045,11.085,294006
2025-02-14,11.3075,11.3075,11.3075,11.3075,37332
2025-02-17,11.1725,11.1725,11.1125,11.1125,27053
2025-02-18,11.1025,11.23,11.1025,11.23,36808
2025-02-19,11.245,11.245,11.055,11.055,89139
2025-02-20,11.215,11.5725,11.215,11.5725,45277
2025-02-21,11.485,11.5925,11.485,11.5925,93600
2025-02-24,11.685,11.82,11.685,11.82,79885
2025-02-25,11.9925,12.225,11.9925,12.225,62395
2025-02-26,12.3925,12.3925,12.1875,12.1875,19908
2025-02-27,12.01,12.3725,12.01,12.3725,13501
2025-02-28,12.42,12.42,12.1475,12.1475,35140
2025-03-03,12.1675,12.455,12.1675,12.455,19766
2025-03-04,12.2,12.2,12.1425,12.1425,35228
2025-03-05,12.245,12.7625,12.245,12.7625,17187
2025-03-06,12.7925,13.5625,12.7925,13.5625,56004
2025-03-07,13.5325,13.685,13.5325,13.685,385267
2025-03-10,13.5875,13.5875,13.405,13.405,940196
